架次编号,服务区编号,机型编号,货箱编号列表,总质量（kg）,总体积（m³）,往返时间（s）,架次能耗（kWh）,返航SOC（%）
Q1-001,S001,C,S001-WAT-06;S001-WAT-07;S001-WAT-08;S001-FOD-01;S001-FOD-02;S001-FOD-03;S001-HYG-01;S001-HYG-02,78.0,0.235,1627.886,3.007849,62.4
Q1-002,S001,C,S001-MED-01;S001-MED-02;S001-WAT-01;S001-WAT-02;S001-WAT-03;S001-WAT-04;S001-WAT-05,76.0,0.159,1561.886,2.929338,63.38
Q1-003,S002,C,S002-WAT-03;S002-WAT-04;S002-FOD-02;S002-HYG-01,42.0,0.117,1980.122,5.271,34.11
Q1-004,S002,C,S002-MED-01;S002-WAT-01;S002-WAT-02;S002-FOD-01,39.0,0.094,1980.122,5.192945,35.09
Q1-005,S003,C,S003-WAT-03;S003-WAT-04;S003-FOD-02;S003-HYG-01,42.0,0.117,2304.899,5.292204,33.85
Q1-006,S003,C,S003-MED-01;S003-WAT-01;S003-WAT-02;S003-FOD-01,39.0,0.094,2304.899,5.213063,34.84
Q1-007,S004,C,S004-MED-01;S004-WAT-01;S004-WAT-02;S004-WAT-03;S004-FOD-01;S004-HYG-01,59.0,0.156,2306.346,6.183479,22.71
Q1-008,S005,C,S005-MED-01;S005-WAT-01;S005-WAT-02;S005-WAT-03;S005-FOD-01;S005-HYG-01,59.0,0.156,1880.84,4.24326,46.96
Q1-009,S006,C,S006-MED-01;S006-WAT-01;S006-WAT-02;S006-WAT-03;S006-FOD-01;S006-HYG-01,59.0,0.156,1561.34,2.596615,67.54
Q1-010,S007,C,S007-MED-01;S007-WAT-01;S007-WAT-02;S007-FOD-01;S007-HYG-01,45.0,0.129,1889.904,3.406742,57.42
Q1-011,S008,C,S008-MED-01;S008-WAT-01;S008-WAT-02;S008-FOD-01;S008-HYG-01,45.0,0.129,2204.975,5.863791,26.7
Q1-012,S009,B,S009-MED-01;S009-WAT-01;S009-FOD-01,25.0,0.067,1561.637,2.104663,47.38
Q1-013,S010,B,S010-MED-01;S010-WAT-01;S010-FOD-01,25.0,0.067,1555.288,1.822824,54.43
Q1-014,S011,B,S011-MED-01;S011-WAT-01;S011-FOD-01,25.0,0.067,1187.101,1.077037,73.07
Q1-015,S012,B,S012-MED-01;S012-WAT-01;S012-FOD-01,25.0,0.067,1924.91,2.758054,31.05
Q1-016,S013,B,S013-MED-01;S013-WAT-01;S013-FOD-01,25.0,0.067,1511.127,1.826396,54.34
Q1-017,S014,B,S014-MED-01;S014-WAT-01;S014-FOD-01,25.0,0.067,1869.409,2.139242,46.52
Q1-018,S015,B,S015-MED-01;S015-WAT-01;S015-FOD-01,25.0,0.067,1830.476,2.313126,42.17
