架次编号,无人机编号,机型编号,电池编号,开始时刻（s）,访问服务区顺序,返回O01时刻（s）,架次能耗（kWh）
Q2-A001,U01,A,AB01,0.0,S001,1313.0,1.269293
Q2-A006,U02,A,AB02,0.0,S006,1313.2,1.31086
Q2-A010,U04,A,AB04,0.0,S010,1654.7,1.954471
Q2-A013,U03,A,AB03,0.0,S013,1612.9,1.959729
Q2-B016,U07,C,CB01,0.0,S001,1627.9,3.007849
Q2-B017,U05,B,BB01,0.0,S001,1150.8,1.22518
Q2-B018,U06,B,BB02,0.0,S001,1150.8,1.22518
Q2-B019,U08,C,CB02,0.0,S002,2112.1,6.131661
Q2-B026,U06,B,BB04,1150.8,S006,2357.9,1.292854
Q2-B025,U05,B,BB03,1150.8,S006,2357.9,1.065694
Q2-A007,U01,A,AB05,1313.0,S007,3026.3,1.900857
Q2-A014,U02,A,AB06,1313.2,S014,3303.2,2.289759
Q2-B020,U07,C,CB03,1627.9,S003,4064.8,6.154086
Q2-A002,U03,A,AB01,2179.7,S002,4188.9,2.932246
Q2-A012,U04,A,AB02,2191.9,S012,4303.7,2.964115
Q2-B023,U05,B,BB01,2357.9,S005,3877.7,1.728208
Q2-B024,U06,B,BB02,2357.9,S005,3877.7,2.096315
Q2-A015,U01,A,AB03,3026.3,S015,4997.7,2.478154
Q2-A008,U02,A,AB04,3303.2,S008,5480.9,3.214935
Q2-B027,U05,B,BB03,3877.7,S007,5439.7,1.548875
Q2-B029,U06,B,BB04,3877.7,S008,5784.8,2.60144
Q2-A004,U03,A,AB05,4188.9,S004,6374.3,3.101845
Q2-A003,U04,A,AB06,4464.7,S003,6728.3,2.984093
Q2-B021,U05,B,BB01,5439.7,S004,7366.6,2.513403
Q2-A011,U01,A,AB01,5535.9,S011,6757.1,1.15543
Q2-A009,U02,A,AB02,5660.0,S009,7352.6,2.263922
Q2-B022,U06,B,BB02,5784.8,S004,7711.7,3.050121
Q2-A005,U03,A,AB03,6374.3,S005,8071.0,2.131699
Q2-B033,U01,A,AB04,6909.7,S011,8070.8,1.104738
Q2-B035,U02,A,AB01,7590.9,S013,9143.8,1.872945
Q2-B032,U04,A,AB05,7770.4,S010,9365.1,1.867571
Q2-B031,U01,A,AB06,8090.4,S009,9723.0,2.166767
Q2-B028,U03,A,AB02,8506.6,S007,10159.9,1.868153
Q2-B037,U02,A,AB04,9143.8,S015,11055.1,2.366779
Q2-B036,U04,A,AB03,9365.1,S014,11295.1,2.187425
Q2-B034,U01,A,AB01,10184.9,S012,12236.7,2.836073
Q2-B030,U03,A,AB05,10404.6,S008,12522.3,3.161249
