货箱编号,架次编号,服务区编号,交付完成时刻（s）
S001-MED-01,Q2-A001,S001,879.6
S001-MED-02,Q2-A001,S001,909.6
S001-WAT-01,Q2-A001,S001,939.6
S002-MED-01,Q2-A002,S002,3406.2
S002-WAT-01,Q2-A002,S002,3436.2
S003-MED-01,Q2-A003,S003,5814.5
S003-WAT-01,Q2-A003,S003,5844.5
S004-MED-01,Q2-A004,S004,5503.2
S004-WAT-01,Q2-A004,S004,5533.2
S005-MED-01,Q2-A005,S005,7445.4
S005-WAT-01,Q2-A005,S005,7475.4
S006-MED-01,Q2-A006,S006,875.4
S006-WAT-01,Q2-A006,S006,905.4
S007-MED-01,Q2-A007,S007,2387.3
S007-WAT-01,Q2-A007,S007,2417.3
S008-MED-01,Q2-A008,S008,4612.3
S008-WAT-01,Q2-A008,S008,4642.3
S009-MED-01,Q2-A009,S009,6727.9
S009-WAT-01,Q2-A009,S009,6757.9
S010-MED-01,Q2-A010,S010,1044.9
S010-WAT-01,Q2-A010,S010,1074.9
S011-MED-01,Q2-A011,S011,6368.7
S011-WAT-01,Q2-A011,S011,6398.7
S012-MED-01,Q2-A012,S012,3467.7
S012-WAT-01,Q2-A012,S012,3497.7
S013-MED-01,Q2-A013,S013,1024.0
S013-WAT-01,Q2-A013,S013,1054.0
S014-MED-01,Q2-A014,S014,2525.8
S014-WAT-01,Q2-A014,S014,2555.8
S015-MED-01,Q2-A015,S015,4225.4
S015-WAT-01,Q2-A015,S015,4255.4
S001-HYG-01,Q2-B016,S001,1027.1
S001-HYG-02,Q2-B016,S001,1063.1
S001-FOD-01,Q2-B016,S001,1099.1
S001-FOD-02,Q2-B016,S001,1135.1
S001-FOD-03,Q2-B016,S001,1171.1
S001-WAT-02,Q2-B016,S001,1207.1
S001-WAT-03,Q2-B016,S001,1243.1
S001-WAT-04,Q2-B016,S001,1279.1
S001-WAT-05,Q2-B017,S001,798.5
S001-WAT-06,Q2-B017,S001,828.5
S001-WAT-07,Q2-B018,S001,798.5
S001-WAT-08,Q2-B018,S001,828.5
S002-HYG-01,Q2-B019,S002,1273.5
S002-FOD-01,Q2-B019,S002,1309.5
S002-FOD-02,Q2-B019,S002,1345.5
S002-WAT-02,Q2-B019,S002,1381.5
S002-WAT-03,Q2-B019,S002,1417.5
S002-WAT-04,Q2-B019,S002,1453.5
S003-HYG-01,Q2-B020,S003,3057.8
S003-FOD-01,Q2-B020,S003,3093.8
S003-FOD-02,Q2-B020,S003,3129.8
S003-WAT-02,Q2-B020,S003,3165.8
S003-WAT-03,Q2-B020,S003,3201.8
S003-WAT-04,Q2-B020,S003,3237.8
S004-HYG-01,Q2-B021,S004,6624.8
S004-FOD-01,Q2-B021,S004,6654.8
S004-WAT-02,Q2-B022,S004,6969.9
S004-WAT-03,Q2-B022,S004,6999.9
S005-HYG-01,Q2-B023,S005,3340.5
S005-FOD-01,Q2-B023,S005,3370.5
S005-WAT-02,Q2-B024,S005,3340.5
S005-WAT-03,Q2-B024,S005,3370.5
S006-HYG-01,Q2-B025,S006,1973.1
S006-FOD-01,Q2-B025,S006,2003.1
S006-WAT-02,Q2-B026,S006,1973.1
S006-WAT-03,Q2-B026,S006,2003.1
S007-HYG-01,Q2-B027,S007,4876.3
S007-FOD-01,Q2-B027,S007,4906.3
S007-WAT-02,Q2-B028,S007,9550.9
S008-HYG-01,Q2-B029,S008,5051.5
S008-FOD-01,Q2-B029,S008,5081.5
S008-WAT-02,Q2-B030,S008,11683.7
S009-FOD-01,Q2-B031,S009,9128.3
S010-FOD-01,Q2-B032,S010,8785.3
S011-FOD-01,Q2-B033,S011,7712.4
S012-FOD-01,Q2-B034,S012,11430.7
S013-FOD-01,Q2-B035,S013,8584.8
S014-FOD-01,Q2-B036,S014,10547.6
S015-FOD-01,Q2-B037,S015,10312.9
