Si,距离km,断链起点km,站址高程,沿线最低,沿线最高,起伏,平均,相对高差,遮挡采样比例,需中继
S001,3.07,,154.0,128.7,223.1,94.3,171.1,25.3,48.0,否
S002,7.44,3.98,189.5,128.7,259.0,130.2,184.0,60.8,92.0,是
S003,7.27,3.96,308.5,127.0,511.8,384.8,299.7,181.5,48.0,是
S004,7.75,5.7,198.3,127.3,348.2,221.0,213.3,71.0,28.0,是
S005,5.31,3.95,165.0,127.6,276.4,148.9,186.1,37.4,28.0,是
S006,3.18,,284.8,127.0,316.1,189.1,217.5,157.8,56.0,否
S007,4.54,3.95,318.5,127.0,451.8,324.9,281.1,191.5,20.0,是
S008,8.12,4.42,240.9,127.5,322.9,195.4,220.4,113.4,48.0,是
S009,5.73,3.98,200.0,128.7,243.2,114.5,180.9,71.3,88.0,是
S010,4.78,3.95,321.6,128.7,385.6,256.9,287.4,192.9,88.0,是
S011,2.82,,182.1,127.3,243.3,116.1,173.3,54.8,36.0,否
S012,7.41,3.96,249.8,128.7,363.3,234.6,238.3,121.1,56.0,是
S013,4.85,3.96,321.7,128.7,349.2,220.5,232.8,193.0,52.0,是
S014,5.42,3.95,321.0,128.7,541.9,413.2,316.6,192.3,40.0,是
S015,6.03,3.95,444.5,127.0,521.8,394.8,312.4,317.5,44.0,是
