Si,type,d_km,q_mass,q_vol,q_energy,q_safe,bottleneck
S001,A,3.0668528577141583,25.0,31.11111111111111,25.0,25.0,质量能量
S001,B,3.0668528577141583,30.0,37.851851851851855,30.0,30.0,质量能量
S001,C,3.0668528577141583,80.0,129.62962962962962,80.0,80.0,质量能量
S002,A,7.44363160764326,25.0,31.11111111111111,25.0,25.0,质量能量
S002,B,7.44363160764326,30.0,37.851851851851855,30.0,30.0,质量能量
S002,C,7.44363160764326,80.0,129.62962962962962,68.44823809026738,68.44823809026738,能量
S003,A,7.269233023460486,25.0,31.11111111111111,25.0,25.0,质量能量
S003,B,7.269233023460486,30.0,37.851851851851855,30.0,30.0,质量能量
S003,C,7.269233023460486,80.0,129.62962962962962,68.13185544585723,68.13185544585723,能量
S004,A,7.754364149356192,25.0,31.11111111111111,25.0,25.0,质量能量
S004,B,7.754364149356192,30.0,37.851851851851855,30.0,30.0,质量能量
S004,C,7.754364149356192,80.0,129.62962962962962,63.13756999298089,63.13756999298089,能量
S005,A,5.307976574355826,25.0,31.11111111111111,25.0,25.0,质量能量
S005,B,5.307976574355826,30.0,37.851851851851855,30.0,30.0,质量能量
S005,C,5.307976574355826,80.0,129.62962962962962,80.0,80.0,质量能量
S006,A,3.184606978995547,25.0,31.11111111111111,25.0,25.0,质量能量
S006,B,3.184606978995547,30.0,37.851851851851855,30.0,30.0,质量能量
S006,C,3.184606978995547,80.0,129.62962962962962,80.0,80.0,质量能量
S007,A,4.538921369274222,25.0,31.11111111111111,25.0,25.0,质量能量
S007,B,4.538921369274222,30.0,37.851851851851855,30.0,30.0,质量能量
S007,C,4.538921369274222,80.0,129.62962962962962,80.0,80.0,质量能量
S008,A,8.118583643545838,25.0,31.11111111111111,25.0,25.0,质量能量
S008,B,8.118583643545838,30.0,37.851851851851855,28.582651739680873,28.582651739680873,能量
S008,C,8.118583643545838,80.0,129.62962962962962,58.29652681795687,58.29652681795687,能量
S009,A,5.729109461375313,25.0,31.11111111111111,25.0,25.0,质量能量
S009,B,5.729109461375313,30.0,37.851851851851855,30.0,30.0,质量能量
S009,C,5.729109461375313,80.0,129.62962962962962,80.0,80.0,质量能量
S010,A,4.78380816719764,25.0,31.11111111111111,25.0,25.0,质量能量
S010,B,4.78380816719764,30.0,37.851851851851855,30.0,30.0,质量能量
S010,C,4.78380816719764,80.0,129.62962962962962,80.0,80.0,质量能量
S011,A,2.820316599313456,25.0,31.11111111111111,25.0,25.0,质量能量
S011,B,2.820316599313456,30.0,37.851851851851855,30.0,30.0,质量能量
S011,C,2.820316599313456,80.0,129.62962962962962,80.0,80.0,质量能量
S012,A,7.4067613740165505,25.0,31.11111111111111,25.0,25.0,质量能量
S012,B,7.4067613740165505,30.0,37.851851851851855,30.0,30.0,质量能量
S012,C,7.4067613740165505,80.0,129.62962962962962,67.9083033808415,67.9083033808415,能量
S013,A,4.854154224238157,25.0,31.11111111111111,25.0,25.0,质量能量
S013,B,4.854154224238157,30.0,37.851851851851855,30.0,30.0,质量能量
S013,C,4.854154224238157,80.0,129.62962962962962,80.0,80.0,质量能量
S014,A,5.41699590523155,25.0,31.11111111111111,25.0,25.0,质量能量
S014,B,5.41699590523155,30.0,37.851851851851855,30.0,30.0,质量能量
S014,C,5.41699590523155,80.0,129.62962962962962,80.0,80.0,质量能量
S015,A,6.025876087099194,25.0,31.11111111111111,25.0,25.0,质量能量
S015,B,6.025876087099194,30.0,37.851851851851855,30.0,30.0,质量能量
S015,C,6.025876087099194,80.0,129.62962962962962,80.0,80.0,质量能量
