type,Si,rho_crit
C,S008,0.0
C,S004,0.035
C,S012,0.075
C,S002,0.08
C,S003,0.08
B,S008,0.175
B,S004,0.205
B,S003,0.235
C,S015,0.235
B,S012,0.24
A,S008,0.245
B,S002,0.25
A,S004,0.275
C,S009,0.29
A,S003,0.3
C,S014,0.3
A,S012,0.305
A,S002,0.315
C,S005,0.34
B,S015,0.365
C,S013,0.39
C,S010,0.395
B,S014,0.415
C,S007,0.42
B,S009,0.42
A,S015,0.42
B,S005,0.455
A,S014,0.465
A,S009,0.47
A,S005,0.5
B,S010,0.5
B,S013,0.5
B,S007,0.515
A,S010,0.54
A,S013,0.54
A,S007,0.555
C,S006,0.595
C,S001,0.615
C,S011,0.645
B,S006,0.665
B,S001,0.685
A,S006,0.695
B,S011,0.705
A,S001,0.71
A,S011,0.73
