Si,type,sorties,E,T
S001,C,2,5.937186,3189.771
S001,B,7,7.948593,8115.717
S001,A,10,12.393984,12230.452
S002,C,2,11.063407,3960.244
S002,B,4,10.503482,7044.015
S002,A,5,14.666272,9925.624
S003,C,2,11.090684,4609.797
S003,B,4,10.722499,8085.322
S003,A,5,14.921502,11198.191
S004,C,1,6.183479,2306.346
S004,B,3,8.309417,5780.798
S004,A,4,12.306569,8621.646
S005,C,1,4.24326,1880.84
S005,B,3,5.712027,4559.459
S005,A,4,8.45733,6667.008
S006,C,1,2.596615,1561.34
S006,B,3,3.521167,3621.173
S006,A,4,5.197705,5132.845
S007,C,1,3.406742,1889.904
S007,B,2,3.42753,3183.988
S007,A,3,5.668922,5079.875
S008,C,1,5.863791,2204.975
S008,B,2,5.765494,3874.21
S008,A,3,9.594239,6473.173
S009,B,1,2.104663,1561.637
S009,C,1,3.784745,1647.763
S009,A,2,4.474266,3325.215
S010,B,1,1.822824,1555.288
S010,C,1,3.229415,1668.617
S010,A,2,3.858428,3249.497
S011,B,1,1.077037,1187.101
S011,C,1,1.906592,1276.25
S011,A,2,2.28162,2382.223
S012,B,1,2.758054,1924.91
S012,C,1,4.932398,2042.76
S012,A,2,5.856527,4163.603
S013,B,1,1.826396,1511.127
S013,C,1,3.252212,1612.288
S013,A,2,3.869597,3165.865
S014,B,1,2.139242,1869.409
S014,C,1,3.736852,2034.941
S014,A,2,4.518387,3919.951
S015,B,1,2.313126,1830.476
S015,C,1,4.085808,1968.709
S015,A,2,4.890768,3882.677
