A,B,type,原架次数,合并后架次,省架次,基站能耗,合并能耗,Δ能耗,基站时长,合并时长,Δ时长,首批截止,首批到达,违约
S007,S011,C,2,1,1,4.4838,4.5785,-0.0947,3077.0,2357.8,719.2,3600.0,1803.0,False
S007,S015,C,2,1,1,5.7199,5.388,0.3319,3720.4,2604.3,1116.1,3600.0,1690.0,False
S009,S010,C,2,1,1,3.9275,5.6179,-1.6904,3116.9,2514.6,602.4,3600.0,1756.0,False
S009,S011,C,2,1,1,3.1817,4.8681,-1.6864,2748.7,2213.9,534.8,10800.0,1659.0,False
S009,S012,C,2,1,1,4.8627,5.8473,-0.9845,3486.5,2516.8,969.8,3600.0,1575.0,False
S009,S013,C,2,1,1,3.9311,5.1283,-1.1972,3072.8,2295.6,777.1,3600.0,1565.0,False
S010,S011,C,2,1,1,2.8999,5.0592,-2.1593,2742.4,2380.7,361.7,3600.0,1825.0,False
S010,S012,C,2,1,1,4.5809,5.8517,-1.2708,3480.2,2640.1,840.1,3600.0,1698.0,False
S010,S013,C,2,1,1,3.6492,4.1763,-0.5271,3066.4,2248.0,818.5,3600.0,1518.0,False
S010,S014,C,2,1,1,3.9621,4.5402,-0.5781,3424.7,2514.8,909.9,3600.0,1573.0,False
S011,S012,C,2,1,1,3.8351,5.9907,-2.1556,3112.0,2652.1,459.9,3600.0,1710.0,False
S011,S013,C,2,1,1,2.9034,4.5998,-1.6963,2698.2,2257.8,440.4,3600.0,1527.0,False
S011,S014,C,2,1,1,3.2163,5.5558,-2.3395,3056.5,2812.3,244.2,3600.0,1871.0,False
S011,S015,C,2,1,1,3.3902,4.4493,-1.0591,3017.6,2451.8,565.8,7200.0,1537.0,False
S012,S013,C,2,1,1,4.5844,5.7708,-1.1863,3436.0,2505.4,930.7,3600.0,1775.0,False
S013,S014,C,2,1,1,3.9656,5.0194,-1.0538,3380.5,2572.2,808.3,3600.0,1631.0,False
