中继架次编号,中继无人机编号,能源组件编号,开始时刻（s）,悬停经度（°）,悬停纬度（°）,悬停海拔（m）,建链完成时刻（s）,服务结束时刻（s）,返回O01时刻（s）,架次能耗（kWh）
R3-001,R01,MR01,418,109.238278,23.003889,564.79662,737,1130,1255,0.176105
R3-002,R02,MR02,1489,109.275778,23.008389,777.171697,2107,3794,4236,0.74741
R3-003,R01,MR03,1575,109.209778,23.038389,649.230072,2117,4427,4781,0.898598
R3-004,R02,MR01,4583,109.202278,23.036889,740.962392,5172,7537,7947,0.938696
R3-005,R01,MR02,6075,109.277278,23.068389,544.970342,6910,7782,8434,0.643299
R3-006,R02,MR03,8418,109.235278,23.011389,470.321407,8690,9218,9288,0.193536
R3-007,R01,MR04,8780,109.230778,23.008389,377.429051,9004,10343,10362,0.414328
R3-008,R02,MR01,9588,109.235278,23.011389,470.321407,9860,10070,10140,0.096369
R3-009,R01,MR01,11255,109.205278,23.023389,540.063319,11750,13916,14227,0.821622
R3-010,R02,MR02,11248,109.275778,23.035389,579.68241,11902,12599,13068,0.474189
R3-011,R02,MR03,13368,109.202278,23.036889,740.962392,13957,14417,14827,0.356612
R3-012,R01,MR02,14812,109.266778,23.053389,467.005744,15494,17668,18160,0.949255
R3-013,R02,MR01,15127,109.269778,23.002389,773.203221,15704,15884,16283,0.261694
R3-014,R02,MR03,16583,109.202278,23.036889,740.962392,17172,17352,17762,0.271057
R3-015,R02,MR01,18159,109.226278,23.075889,429.792512,18928,19493,20072,0.5133
