架次编号,机型编号,运输机编号,电池编号,硬时限,时限余量（s）,Q2开始时刻（s）,联合开始时刻（s）,后推量（s）,是否超限,Q2返回时刻（s）,联合返回时刻（s）
Q2-A001,A,U01,AB01,是,2660,0,0,0,否,1314,1314
Q2-A006,A,U02,AB02,是,2694,0,0,0,否,1314,1314
Q2-A010,A,U04,AB04,是,2525,0,0,0,否,1655,1655
Q2-A013,A,U03,AB03,是,2546,0,0,0,否,1613,1613
Q2-B016,C,U07,CB01,否,,0,0,0,否,1628,1628
Q2-B017,B,U05,BB01,否,,0,0,0,否,1151,1151
Q2-B018,B,U06,BB02,否,,0,0,0,否,1151,1151
Q2-B025,B,U05,BB03,否,,1151,1151,0,否,2359,2359
Q2-B026,B,U06,BB04,否,,1151,1151,0,否,2359,2359
Q2-A007,A,U01,AB05,是,1181,1314,1314,0,否,3028,3028
Q2-A014,A,U02,AB06,是,1043,1314,1314,0,否,3304,3304
Q2-A002,A,U03,AB01,是,162,2181,2181,0,否,4191,4191
Q2-A012,A,U04,AB02,是,101,2193,2193,0,否,4305,4305
Q2-A015,A,U01,AB03,是,2972,3028,3028,0,否,5000,5000
Q2-A008,A,U02,AB04,是,2556,3304,4396,1092,否,5482,6574
Q2-A003,A,U04,AB06,是,1354,4466,4466,0,否,6730,6730
Q2-A011,A,U01,AB01,是,4398,5539,5539,0,否,6761,6761
Q2-A004,A,U03,AB05,是,1664,4191,5806,1615,否,6377,7992
Q2-A009,A,U02,AB02,是,4040,5662,6574,912,否,7355,8267
Q2-A005,A,U03,AB03,是,3321,6377,7992,1615,否,8074,9689
Q2-B033,A,U01,AB04,否,,6911,8003,1092,否,8073,9165
Q2-B035,A,U02,AB01,否,,7595,8267,672,否,9148,9820
Q2-B023,B,U05,BB01,否,,2359,9087,6728,否,3879,10607
Q2-B024,B,U06,BB02,否,,2359,9087,6728,否,3879,10607
Q2-B031,A,U01,AB06,否,,8093,9165,1072,否,9726,10798
Q2-B020,C,U07,CB03,否,,1628,11007,9379,否,4065,13444
Q2-B034,A,U01,AB01,否,,10190,11058,868,否,12242,13110
Q2-B037,A,U02,AB04,否,,9148,11084,1936,否,11060,12996
Q2-B019,C,U08,CB02,否,,0,11199,11199,否,2113,13312
Q2-B032,A,U04,AB05,否,,7774,11240,3466,否,9369,12835
Q2-B027,B,U05,BB03,否,,3879,11380,7501,否,5441,12942
Q2-B028,A,U03,AB02,否,,8510,12784,4274,否,10164,14438
Q2-B029,B,U06,BB04,否,,3879,12993,9114,否,5787,14901
Q2-B036,A,U04,AB03,否,,9369,14701,5332,否,11299,16631
Q2-B030,A,U03,AB05,否,,10409,16073,5664,否,12527,18191
Q2-B021,B,U05,BB01,否,,5441,18136,12695,否,7368,20063
Q2-B022,B,U06,BB02,否,,5787,18136,12349,否,7714,20063
