参数,取值,超限架次数,总超限s,中继架次数,运输完成s,中继完成s,最大后推s,后推架次数,不可覆盖样本数,未消化延迟s
MAX_HOVER_SPAN,1200,2,1694.0,15,19415,19260,8606,20,0,0.0
MAX_HOVER_SPAN,1800,0,0.0,16,23123,23132,15755,18,0,0.0
MAX_HOVER_SPAN,2400,0,0.0,15,20063,20072,12695,16,0,0.0
MAX_HOVER_SPAN,3600,1,871.0,15,20992,20883,13278,18,0,0.0
MAX_HOVER_SPAN,∞,0,0.0,15,20785,20754,9698,15,0,0.0
MAX_HARD_JUMP,300,1,1573.0,16,20387,20356,7986,19,0,0.0
MAX_HARD_JUMP,500,3,898.0,15,22172,22228,14799,19,0,0.0
MAX_HARD_JUMP,850,0,0.0,15,20063,20072,12695,16,0,0.0
MAX_HARD_JUMP,1000,0,0.0,15,20063,20072,12695,16,0,0.0
MAX_HARD_JUMP,∞,0,0.0,15,20063,20072,12695,16,0,0.0
