运输架次编号,通信阶段,开始时刻（s）,结束时刻（s）,保障方式,中继架次编号
Q1-001,爬升,270.0,388.1,直连,
Q1-001,巡航,328.1,592.6,直连,
Q1-001,下降,532.6,637.1,直连,
Q1-001,投送,577.1,1033.1,直连,
Q1-001,爬升,973.1,1068.8,直连,
Q1-001,巡航,1008.8,1273.2,直连,
Q1-001,下降,1213.2,1345.9,直连,
Q1-002,爬升,1765.9,1884.0,直连,
Q1-002,巡航,1824.0,2088.5,直连,
Q1-002,下降,2028.5,2133.0,直连,
Q1-002,投送,2073.0,2637.0,直连,
Q1-002,爬升,2577.0,2672.6,直连,
Q1-002,巡航,2612.6,2877.1,直连,
Q1-002,下降,2817.1,2949.8,直连,
Q1-003,爬升,3459.8,3592.3,直连,
Q1-003,巡航,3532.3,3812.8,直连,
Q1-003,巡航,3808.0,4088.5,中继,R3-001
Q1-003,下降,4028.5,4133.2,中继,R3-001
Q1-003,投送,4073.2,4529.2,中继,R3-001
Q1-003,爬升,4469.2,4565.0,中继,R3-001
Q1-003,巡航,4505.0,4785.6,中继,R3-001
Q1-003,巡航,4780.7,5061.3,直连,
Q1-003,下降,5001.3,5151.9,直连,
Q1-004,爬升,5571.9,5704.4,直连,
Q1-004,巡航,5644.4,5924.9,直连,
Q1-004,巡航,5920.1,6200.6,中继,R3-002
Q1-004,下降,6140.6,6245.4,中继,R3-002
Q1-004,投送,6185.4,6497.4,中继,R3-002
Q1-004,爬升,6437.4,6533.1,中继,R3-002
Q1-004,巡航,6473.1,6753.7,中继,R3-002
Q1-004,巡航,6748.8,7029.4,直连,
Q1-004,下降,6969.4,7120.0,直连,
Q1-005,爬升,7420.0,7653.7,直连,
Q1-005,巡航,7593.7,7869.0,直连,
Q1-005,巡航,7862.9,8138.3,中继,R3-003
Q1-005,下降,8078.3,8249.9,中继,R3-003
Q1-005,投送,8189.9,8645.9,中继,R3-003
Q1-005,爬升,8585.9,8735.2,中继,R3-003
Q1-005,巡航,8675.2,8950.6,中继,R3-003
Q1-005,巡航,8944.5,9219.9,直连,
Q1-005,下降,9159.9,9436.9,直连,
Q1-006,爬升,9856.9,10090.6,直连,
Q1-006,巡航,10030.6,10305.9,直连,
Q1-006,巡航,10299.8,10575.2,中继,R3-004
Q1-006,下降,10515.2,10686.8,中继,R3-004
Q1-006,投送,10626.8,10938.8,中继,R3-004
Q1-006,爬升,10878.8,11028.1,中继,R3-004
Q1-006,巡航,10968.1,11243.5,中继,R3-004
Q1-006,巡航,11237.4,11512.8,直连,
Q1-006,下降,11452.8,11729.8,直连,
Q1-007,爬升,12029.8,12198.0,直连,
Q1-007,巡航,12138.0,12542.7,直连,
Q1-007,巡航,12540.1,12715.0,中继,R3-005
Q1-007,下降,12655.0,12800.0,中继,R3-005
Q1-007,投送,12740.0,13196.0,中继,R3-005
Q1-007,爬升,13136.0,13263.9,中继,R3-005
Q1-007,巡航,13203.9,13378.8,中继,R3-005
Q1-007,巡航,13376.3,13780.9,直连,
Q1-007,下降,13720.9,13916.2,直连,
Q1-008,爬升,14336.2,14475.6,直连,
Q1-008,巡航,14415.6,14711.6,直连,
Q1-008,巡航,14710.5,14829.5,中继,R3-006
Q1-008,下降,14769.5,14895.2,中继,R3-006
Q1-008,投送,14835.2,15291.2,中继,R3-006
Q1-008,爬升,15231.2,15343.8,中继,R3-006
Q1-008,巡航,15283.8,15402.8,中继,R3-006
Q1-008,巡航,15401.7,15697.6,直连,
Q1-008,下降,15637.6,15797.0,直连,
Q1-009,爬升,16217.0,16372.4,直连,
Q1-009,巡航,16312.4,16584.7,直连,
Q1-009,下降,16524.7,16610.3,直连,
Q1-009,投送,16550.3,17006.3,直连,
Q1-009,爬升,16946.3,17026.8,直连,
Q1-009,巡航,16966.8,17239.1,直连,
Q1-009,下降,17179.1,17358.3,直连,
Q1-010,爬升,17778.3,17988.0,直连,
Q1-010,巡航,17928.0,18240.2,直连,
Q1-010,巡航,18230.6,18290.6,中继,R3-007
Q1-010,下降,18230.6,18367.3,中继,R3-007
Q1-010,投送,18307.3,18727.3,中继,R3-007
Q1-010,爬升,18667.3,18788.6,中继,R3-007
Q1-010,巡航,18728.6,18788.6,中继,R3-007
Q1-010,巡航,18779.0,19091.2,直连,
Q1-010,下降,19031.2,19278.2,直连,
Q1-011,爬升,19668.2,19826.3,直连,
Q1-011,巡航,19766.3,20096.9,直连,
Q1-011,巡航,20091.1,20367.6,中继,R3-008
Q1-011,下降,20307.6,20418.6,中继,R3-008
Q1-011,投送,20358.6,20778.6,中继,R3-008
Q1-011,爬升,20718.6,20819.4,中继,R3-008
Q1-011,巡航,20759.4,21035.9,中继,R3-008
Q1-011,巡航,21030.0,21360.6,直连,
Q1-011,下降,21300.6,21483.2,直连,
Q1-012,爬升,21873.2,21988.4,直连,
Q1-012,巡航,21928.4,22206.6,直连,
Q1-012,巡航,22201.2,22370.3,中继,R3-009
Q1-012,下降,22310.3,22395.6,中继,R3-009
Q1-012,投送,22335.6,22635.6,中继,R3-009
Q1-012,爬升,22575.6,22656.7,中继,R3-009
Q1-012,巡航,22596.7,22765.8,中继,R3-009
Q1-012,巡航,22760.4,23038.6,直连,
Q1-012,下降,22978.6,23104.9,直连,
Q1-013,爬升,23434.9,23597.5,直连,
Q1-013,巡航,23537.5,23810.1,直连,
Q1-013,巡航,23803.3,23916.4,中继,R3-010
Q1-013,下降,23856.4,23950.0,中继,R3-010
Q1-013,投送,23890.0,24190.0,中继,R3-010
Q1-013,爬升,24130.0,24218.0,中继,R3-010
Q1-013,巡航,24158.0,24271.2,中继,R3-010
Q1-013,巡航,24264.4,24537.0,直连,
Q1-013,下降,24477.0,24660.1,直连,
Q1-014,爬升,24990.1,25105.4,直连,
Q1-014,巡航,25045.4,25293.4,直连,
Q1-014,下降,25233.4,25325.9,直连,
Q1-014,投送,25265.9,25565.9,直连,
Q1-014,爬升,25505.9,25593.0,直连,
Q1-014,巡航,25533.0,25781.0,直连,
Q1-014,下降,25721.0,25847.2,直连,
Q1-015,爬升,26177.2,26332.4,直连,
Q1-015,巡航,26272.4,26551.9,直连,
Q1-015,巡航,26546.8,26826.2,中继,R3-011
Q1-015,下降,26766.2,26879.6,中继,R3-011
Q1-015,投送,26819.6,27119.6,中继,R3-011
Q1-015,爬升,27059.6,27164.1,中继,R3-011
Q1-015,巡航,27104.1,27383.6,中继,R3-011
Q1-015,巡航,27378.5,27657.9,直连,
Q1-015,下降,27597.9,27772.2,直连,
Q1-016,爬升,28102.2,28252.6,直连,
Q1-016,巡航,28192.6,28468.4,直连,
Q1-016,巡航,28462.3,28576.3,中继,R3-012
Q1-016,下降,28516.3,28595.3,中继,R3-012
Q1-016,投送,28535.3,28835.3,中继,R3-012
Q1-016,爬升,28775.3,28851.1,中继,R3-012
Q1-016,巡航,28791.1,28905.0,中继,R3-012
Q1-016,巡航,28898.9,29174.7,直连,
Q1-016,下降,29114.7,29283.3,直连,
Q1-017,爬升,29613.3,29828.0,直连,
Q1-017,巡航,29768.0,30086.0,直连,
Q1-017,巡航,30077.6,30189.2,中继,R3-013
Q1-017,下降,30129.2,30285.5,中继,R3-013
Q1-017,投送,30225.5,30525.5,中继,R3-013
Q1-017,爬升,30465.5,30605.9,中继,R3-013
Q1-017,巡航,30545.9,30657.4,中继,R3-013
Q1-017,巡航,30649.0,30967.0,直连,
Q1-017,下降,30907.0,31152.7,直连,
Q1-018,爬升,31482.7,31690.7,直连,
Q1-018,巡航,31630.7,31920.3,直连,
Q1-018,巡航,31917.7,32092.4,中继,R3-014
Q1-018,下降,32032.4,32131.4,中继,R3-014
Q1-018,投送,32071.4,32371.4,中继,R3-014
Q1-018,爬升,32311.4,32403.8,中继,R3-014
Q1-018,巡航,32343.8,32518.6,中继,R3-014
Q1-018,巡航,32516.0,32805.5,直连,
Q1-018,下降,32745.5,32983.2,直连,
