货箱编号,架次编号,交付完成时刻（s）,是否首批保障,首批截止时间（s）,物资类型,期望送达时间（s）,是否超限
S001-MED-01,Q2-A001,880,是,3600.0,医疗物资,3600.0,否
S001-MED-02,Q2-A001,910,否,,医疗物资,3600.0,否
S001-WAT-01,Q2-A001,940,是,3600.0,饮用水,3600.0,否
S006-MED-01,Q2-A006,876,是,3600.0,医疗物资,3600.0,否
S006-WAT-01,Q2-A006,906,是,3600.0,饮用水,3600.0,否
S010-MED-01,Q2-A010,1045,是,3600.0,医疗物资,3600.0,否
S010-WAT-01,Q2-A010,1075,是,3600.0,饮用水,3600.0,否
S013-MED-01,Q2-A013,1024,是,3600.0,医疗物资,3600.0,否
S013-WAT-01,Q2-A013,1054,是,3600.0,饮用水,3600.0,否
S001-HYG-01,Q2-B016,1028,否,,生活卫生用品,10800.0,否
S001-HYG-02,Q2-B016,1064,否,,生活卫生用品,10800.0,否
S001-FOD-01,Q2-B016,1100,否,,应急食品,7200.0,否
S001-FOD-02,Q2-B016,1136,否,,应急食品,7200.0,否
S001-FOD-03,Q2-B016,1172,否,,应急食品,7200.0,否
S001-WAT-02,Q2-B016,1208,否,,饮用水,3600.0,否
S001-WAT-03,Q2-B016,1244,否,,饮用水,3600.0,否
S001-WAT-04,Q2-B016,1280,否,,饮用水,3600.0,否
S001-WAT-05,Q2-B017,799,否,,饮用水,3600.0,否
S001-WAT-06,Q2-B017,829,否,,饮用水,3600.0,否
S001-WAT-07,Q2-B018,799,否,,饮用水,3600.0,否
S001-WAT-08,Q2-B018,829,否,,饮用水,3600.0,否
S002-HYG-01,Q2-B019,12473,否,,生活卫生用品,10800.0,否
S002-FOD-01,Q2-B019,12509,否,,应急食品,7200.0,否
S002-FOD-02,Q2-B019,12545,否,,应急食品,7200.0,否
S002-WAT-02,Q2-B019,12581,否,,饮用水,3600.0,否
S002-WAT-03,Q2-B019,12617,否,,饮用水,3600.0,否
S002-WAT-04,Q2-B019,12653,否,,饮用水,3600.0,否
S006-HYG-01,Q2-B025,1974,否,,生活卫生用品,10800.0,否
S006-FOD-01,Q2-B025,2004,否,,应急食品,7200.0,否
S006-WAT-02,Q2-B026,1974,否,,饮用水,3600.0,否
S006-WAT-03,Q2-B026,2004,否,,饮用水,3600.0,否
S007-MED-01,Q2-A007,2389,是,3600.0,医疗物资,3600.0,否
S007-WAT-01,Q2-A007,2419,是,3600.0,饮用水,3600.0,否
S014-MED-01,Q2-A014,2527,是,3600.0,医疗物资,7200.0,否
S014-WAT-01,Q2-A014,2557,是,3600.0,饮用水,3600.0,否
S003-HYG-01,Q2-B020,12437,否,,生活卫生用品,14400.0,否
S003-FOD-01,Q2-B020,12473,否,,应急食品,10800.0,否
S003-FOD-02,Q2-B020,12509,否,,应急食品,10800.0,否
S003-WAT-02,Q2-B020,12545,否,,饮用水,7200.0,否
S003-WAT-03,Q2-B020,12581,否,,饮用水,7200.0,否
S003-WAT-04,Q2-B020,12617,否,,饮用水,7200.0,否
S002-MED-01,Q2-A002,3408,是,3600.0,医疗物资,3600.0,否
S002-WAT-01,Q2-A002,3438,是,3600.0,饮用水,3600.0,否
S012-MED-01,Q2-A012,3469,是,3600.0,医疗物资,7200.0,否
S012-WAT-01,Q2-A012,3499,是,3600.0,饮用水,3600.0,否
S005-HYG-01,Q2-B023,10070,否,,生活卫生用品,18000.0,否
S005-FOD-01,Q2-B023,10100,否,,应急食品,14400.0,否
S005-WAT-02,Q2-B024,10070,否,,饮用水,10800.0,否
S005-WAT-03,Q2-B024,10100,否,,饮用水,10800.0,否
S015-MED-01,Q2-A015,4228,是,7200.0,医疗物资,7200.0,否
S015-WAT-01,Q2-A015,4258,是,10800.0,饮用水,10800.0,否
S008-MED-01,Q2-A008,5706,是,7200.0,医疗物资,7200.0,否
S008-WAT-01,Q2-A008,5736,是,7200.0,饮用水,7200.0,否
S007-HYG-01,Q2-B027,12379,否,,生活卫生用品,10800.0,否
S007-FOD-01,Q2-B027,12409,否,,应急食品,7200.0,否
S008-HYG-01,Q2-B029,14167,否,,生活卫生用品,14400.0,否
S008-FOD-01,Q2-B029,14197,否,,应急食品,10800.0,否
S004-MED-01,Q2-A004,7121,是,7200.0,医疗物资,7200.0,否
S004-WAT-01,Q2-A004,7151,是,7200.0,饮用水,7200.0,否
S003-MED-01,Q2-A003,5816,是,7200.0,医疗物资,7200.0,否
S003-WAT-01,Q2-A003,5846,是,7200.0,饮用水,7200.0,否
S004-HYG-01,Q2-B021,19322,否,,生活卫生用品,14400.0,否
S004-FOD-01,Q2-B021,19352,否,,应急食品,10800.0,否
S011-MED-01,Q2-A011,6372,是,10800.0,医疗物资,10800.0,否
S011-WAT-01,Q2-A011,6402,是,10800.0,饮用水,10800.0,否
S009-MED-01,Q2-A009,7642,是,10800.0,医疗物资,10800.0,否
S009-WAT-01,Q2-A009,7672,是,10800.0,饮用水,10800.0,否
S004-WAT-02,Q2-B022,19322,否,,饮用水,7200.0,否
S004-WAT-03,Q2-B022,19352,否,,饮用水,7200.0,否
S005-MED-01,Q2-A005,9064,是,10800.0,医疗物资,10800.0,否
S005-WAT-01,Q2-A005,9094,是,10800.0,饮用水,10800.0,否
S011-FOD-01,Q2-B033,8806,否,,应急食品,14400.0,否
S013-FOD-01,Q2-B035,9261,否,,应急食品,7200.0,否
S010-FOD-01,Q2-B032,12255,否,,应急食品,7200.0,否
S009-FOD-01,Q2-B031,10203,否,,应急食品,14400.0,否
S007-WAT-02,Q2-B028,13829,否,,饮用水,3600.0,否
S015-FOD-01,Q2-B037,12254,否,,应急食品,14400.0,否
S014-FOD-01,Q2-B036,15884,否,,应急食品,7200.0,否
S012-FOD-01,Q2-B034,12304,否,,应急食品,7200.0,否
S008-WAT-02,Q2-B030,17353,否,,饮用水,7200.0,否
